"{'role': 'user', 'content': 'Follow these instructions to obtain the ontology alignments:\n\n1. Create a table with the following columns:\n|subject_id|subject_label|predicate_id|object_id|object_label|mapping_justification|mapping_date|author_id|mapping_set_id|mapping_set_version|mapping_set_description|license|subject_source|subject_source_version|object_source|object_source_version|confidence|comment|\n\n2. CURIE Handling:\n   - Apply the CURIE standard (https://www.w3.org/TR/2010/NOTE-curie-20101216/) to curify ontology identifiers.\n   - Transform full URIs into prefix:reference format.\n   - If no URI is provided, use http://example.org/ and the prefix ex: for generated elements.\n\n3. Populate subject columns:\n   - Extract entities from Ontology 1.\n   - Add their identifiers to ""subject_id"".\n   - Add their rdfs:label values to ""subject_label"".\n\n4. For each subject entity, identify matches in Ontology 2 using the following methods and record the corresponding mapping_justification value:\n   4.1 Exact lexical match → semapv:LexicalMatching\n   4.2 Lexical similarity (threshold ≤ 0.5) → semapv:LexicalSimilarityThresholdMatching\n   4.3 Semantic similarity (threshold ≤ 0.5) → semapv:SemanticSimilarityThresholdMatching\n   4.4 Same instances → semapv:InstanceBasedMatching\n   4.5 Logical reasoning → semapv:LogicalReasoning\n   4.6 Structural similarity → semapv:StructuralMatching\n   4.7 Mapping chaining (transitive matches) → semapv:MappingChaining\n   4.8 Other background knowledge → semapv:BackgroundKnowledgeBasedMatching\n\n5. Select the appropriate mapping predicate (predicate_id) according to the type of match:\n   A) owl:sameAs → identical instances\n   B) owl:equivalentClass → identical classes\n   C) owl:equivalentProperty → identical properties\n   D) rdfs:subClassOf → subject subclass of object\n   E) rdfs:subPropertyOf → subject subproperty of object\n   F) skos:relatedMatch → unspecified association\n   G) skos:closeMatch → sufficiently similar\n   H) skos:exactMatch → highly confident interchangeable\n   I) skos:narrowMatch → object narrower than subject\n   J) skos:broadMatch → object broader than subject\n   K) oboInOwl:hasDbXref → database cross-reference relation\n   L) rdfs:seeAlso → unspecified relatedness\n\n6. For each match:\n   - Add object URI to ""object_id"".\n   - Add object label to ""object_label"".\n   - Assign a confidence value between 0 and 1.\n   - Provide a natural language explanation in ""comment"".\n\n7. Add provenance metadata:\n   - mapping_date → date of assertion\n   - author_id → model asserting mappings\n   - mapping_set_id → identifier of mapping set\n   - mapping_set_version → version of mapping set\n   - mapping_set_description → natural language description\n   - license → CC-BY 4.0\n   - subject_source and subject_source_version\n   - object_source and object_source_version\n\n8. After identifying all mappings, export the completed table in TSV format.'}","Here are the ontology alignments between Ontology 1 (DynDiffOnto/Change Ontology) and Ontology 2 (OCH: OWL Change Ontology) formatted according to the SSSOM standard.

### Ontology Alignments Table

| subject_id | subject_label | predicate_id | object_id | object_label | mapping_justification | mapping_date | author_id | mapping_set_id | mapping_set_version | mapping_set_description | license | subject_source | subject_source_version | object_source | object_source_version | confidence | comment |
| :--- | :--- | :--- | :--- | :--- | :--- | :--- | :--- | :--- | :--- | :--- | :--- | :--- | :--- | :--- | :--- | :--- | :--- |
| dyn:AnyChangeAction | AnyChangeAction | skos:exactMatch | och:OntologicalChange | Ontological Change | semapv:LexicalSimilarityThresholdMatching | 2024-05-22 | KnowledgeEngineer | dyn_och_mapping | 1.0.0 | Mapping between DynDiffOnto and OCH | CC-BY 4.0 | http://www.list.lu/change-ontology/ | 1.0.0 | https://w3id.org/def/och# | 3.0.0 | 0.95 | Both represent the top-level concept of a change occurring in an ontology. |
| dyn:BasicChange | BasicChange | skos:closeMatch | och:EntityChange | Entity Change | semapv:SemanticSimilarityThresholdMatching | 2024-05-22 | KnowledgeEngineer | dyn_och_mapping | 1.0.0 | Mapping between DynDiffOnto and OCH | CC-BY 4.0 | http://www.list.lu/change-ontology/ | 1.0.0 | https://w3id.org/def/och# | 3.0.0 | 0.80 | Basic changes in Dyn typically refer to atomic entity operations. |
| dyn:addC | addC | skos:exactMatch | och:AddClass | Add Class | semapv:LexicalMatching | 2024-05-22 | KnowledgeEngineer | dyn_och_mapping | 1.0.0 | Mapping between DynDiffOnto and OCH | CC-BY 4.0 | http://www.list.lu/change-ontology/ | 1.0.0 | https://w3id.org/def/och# | 3.0.0 | 1.00 | Exact semantic and lexical overlap for class addition. |
| dyn:delC | delC | skos:exactMatch | och:RemoveClass | Remove Class | semapv:LexicalSimilarityThresholdMatching | 2024-05-22 | KnowledgeEngineer | dyn_och_mapping | 1.0.0 | Mapping between DynDiffOnto and OCH | CC-BY 4.0 | http://www.list.lu/change-ontology/ | 1.0.0 | https://w3id.org/def/och# | 3.0.0 | 0.95 | 'Delete' and 'Remove' are synonymous in this context. |
| dyn:addP | addP | skos:exactMatch | och:AddProperty | Add Property | semapv:LexicalMatching | 2024-05-22 | KnowledgeEngineer | dyn_och_mapping | 1.0.0 | Mapping between DynDiffOnto and OCH | CC-BY 4.0 | http://www.list.lu/change-ontology/ | 1.0.0 | https://w3id.org/def/och# | 3.0.0 | 1.00 | Exact match for property addition. |
| dyn:delP | delP | skos:exactMatch | och:RemoveProperty | Remove Property | semapv:LexicalSimilarityThresholdMatching | 2024-05-22 | KnowledgeEngineer | dyn_och_mapping | 1.0.0 | Mapping between DynDiffOnto and OCH | CC-BY 4.0 | http://www.list.lu/change-ontology/ | 1.0.0 | https://w3id.org/def/och# | 3.0.0 | 0.95 | Exact functional match for property removal. |
| dyn:addI | addI | skos:exactMatch | och:AddIndividual | Add Individual | semapv:LexicalSimilarityThresholdMatching | 2024-05-22 | KnowledgeEngineer | dyn_och_mapping | 1.0.0 | Mapping between DynDiffOnto and OCH | CC-BY 4.0 | http://www.list.lu/change-ontology/ | 1.0.0 | https://w3id.org/def/och# | 3.0.0 | 0.90 | Instance (I) and Individual are used interchangeably in OWL contexts. |
| dyn:delI | delI | skos:exactMatch | och:RemoveIndividual | Remove Individual | semapv:LexicalSimilarityThresholdMatching | 2024-05-22 | KnowledgeEngineer | dyn_och_mapping | 1.0.0 | Mapping between DynDiffOnto and OCH | CC-BY 4.0 | http://www.list.lu/change-ontology/ | 1.0.0 | https://w3id.org/def/och# | 3.0.0 | 0.90 | Match for instance/individual removal. |
| dyn:addSupC | addSupC | skos:exactMatch | och:AddSubClass | Add Sub Class | semapv:LexicalMatching | 2024-05-22 | KnowledgeEngineer | dyn_och_mapping | 1.0.0 | Mapping between DynDiffOnto and OCH | CC-BY 4.0 | http://www.list.lu/change-ontology/ | 1.0.0 | https://w3id.org/def/och# | 3.0.0 | 0.95 | Exact match for adding a subClassOf relationship. |
| dyn:renC | renC | skos:broadMatch | och:RenameEntity | Rename Entity | semapv:LexicalSimilarityThresholdMatching | 2024-05-22 | KnowledgeEngineer | dyn_och_mapping | 1.0.0 | Mapping between DynDiffOnto and OCH | CC-BY 4.0 | http://www.list.lu/change-ontology/ | 1.0.0 | https://w3id.org/def/och# | 3.0.0 | 0.85 | dyn:renC is a specific renaming action for classes, whereas och:RenameEntity is generic for all OWL entities. |
| dyn:toObs | toObs | skos:exactMatch | och:DeprecateEntity | Deprecate Entity | semapv:SemanticSimilarityThresholdMatching | 2024-05-22 | KnowledgeEngineer | dyn_och_mapping | 1.0.0 | Mapping between DynDiffOnto and OCH | CC-BY 4.0 | http://www.list.lu/change-ontology/ | 1.0.0 | https://w3id.org/def/och# | 3.0.0 | 0.85 | Setting a resource to obsolete (toObs) is functionally equivalent to deprecation. |
| dyn:revObs | revObs | skos:exactMatch | och:RevokeDeprecate | Revoke Deprecate | semapv:SemanticSimilarityThresholdMatching | 2024-05-22 | KnowledgeEngineer | dyn_och_mapping | 1.0.0 | Mapping between DynDiffOnto and OCH | CC-BY 4.0 | http://www.list.lu/change-ontology/ | 1.0.0 | https://w3id.org/def/och# | 3.0.0 | 0.85 | Revoking obsolete status is functionally equivalent to revoking deprecation. |
| dyn:ComplexChange | ComplexChange | skos:closeMatch | och:ChangeSet | Change Set | semapv:SemanticSimilarityThresholdMatching | 2024-05-22 | KnowledgeEngineer | dyn_och_mapping | 1.0.0 | Mapping between DynDiffOnto and OCH | CC-BY 4.0 | http://www.list.lu/change-ontology/ | 1.0.0 | https://w3id.org/def/och# | 3.0.0 | 0.70 | Both represent collections/aggregations of changes, though structural definitions differ slightly. |
| dyn:isPartOf | isPartOf | skos:relatedMatch | och:fromChangelog | from changelog | semapv:StructuralMatching | 2024-05-22 | KnowledgeEngineer | dyn_och_mapping | 1.0.0 | Mapping between DynDiffOnto and OCH | CC-BY 4.0 | http://www.list.lu/change-ontology/ | 1.0.0 | https://w3id.org/def/och# | 3.0.0 | 0.60 | Properties used to link a specific change to a container/log of changes. |
| dyn:Version | Version | skos:closeMatch | owl:Ontology | Ontology | semapv:BackgroundKnowledgeBasedMatching | 2024-05-22 | KnowledgeEngineer | dyn_och_mapping | 1.0.0 | Mapping between DynDiffOnto and OCH | CC-BY 4.0 | http://www.list.lu/change-ontology/ | 1.0.0 | https://w3id.org/def/och# | 3.0.0 | 0.75 | OCH maps versions directly to the owl:Ontology class. |

### TSV Export

```tsv
subject_id	subject_label	predicate_id	object_id	object_label	mapping_justification	mapping_date	author_id	mapping_set_id	mapping_set_version	mapping_set_description	license	subject_source	subject_source_version	object_source	object_source_version	confidence	comment
dyn:AnyChangeAction	AnyChangeAction	skos:exactMatch	och:OntologicalChange	Ontological Change	semapv:LexicalSimilarityThresholdMatching	2024-05-22	KnowledgeEngineer	dyn_och_mapping	1.0.0	Mapping between DynDiffOnto and OCH	CC-BY 4.0	http://www.list.lu/change-ontology/	1.0.0	https://w3id.org/def/och#	3.0.0	0.95	Both represent the top-level concept of a change occurring in an ontology.
dyn:BasicChange	BasicChange	skos:closeMatch	och:EntityChange	Entity Change	semapv:SemanticSimilarityThresholdMatching	2024-05-22	KnowledgeEngineer	dyn_och_mapping	1.0.0	Mapping between DynDiffOnto and OCH	CC-BY 4.0	http://www.list.lu/change-ontology/	1.0.0	https://w3id.org/def/och#	3.0.0	0.80	Basic changes in Dyn typically refer to atomic entity operations.
dyn:addC	addC	skos:exactMatch	och:AddClass	Add Class	semapv:LexicalMatching	2024-05-22	KnowledgeEngineer	dyn_och_mapping	1.0.0	Mapping between DynDiffOnto and OCH	CC-BY 4.0	http://www.list.lu/change-ontology/	1.0.0	https://w3id.org/def/och#	3.0.0	1.00	Exact semantic and lexical overlap for class addition.
dyn:delC	delC	skos:exactMatch	och:RemoveClass	Remove Class	semapv:LexicalSimilarityThresholdMatching	2024-05-22	KnowledgeEngineer	dyn_och_mapping	1.0.0	Mapping between DynDiffOnto and OCH	CC-BY 4.0	http://www.list.lu/change-ontology/	1.0.0	https://w3id.org/def/och#	3.0.0	0.95	'Delete' and 'Remove' are synonymous in this context.
dyn:addP	addP	skos:exactMatch	och:AddProperty	Add Property	semapv:LexicalMatching	2024-05-22	KnowledgeEngineer	dyn_och_mapping	1.0.0	Mapping between DynDiffOnto and OCH	CC-BY 4.0	http://www.list.lu/change-ontology/	1.0.0	https://w3id.org/def/och#	3.0.0	1.00	Exact match for property addition.
dyn:delP	delP	skos:exactMatch	och:RemoveProperty	Remove Property	semapv:LexicalSimilarityThresholdMatching	2024-05-22	KnowledgeEngineer	dyn_och_mapping	1.0.0	Mapping between DynDiffOnto and OCH	CC-BY 4.0	http://www.list.lu/change-ontology/	1.0.0	https://w3id.org/def/och#	3.0.0	0.95	Exact functional match for property removal.
dyn:addI	addI	skos:exactMatch	och:AddIndividual	Add Individual	semapv:LexicalSimilarityThresholdMatching	2024-05-22	KnowledgeEngineer	dyn_och_mapping	1.0.0	Mapping between DynDiffOnto and OCH	CC-BY 4.0	http://www.list.lu/change-ontology/	1.0.0	https://w3id.org/def/och#	3.0.0	0.90	Instance (I) and Individual are used interchangeably in OWL contexts.
dyn:delI	delI	skos:exactMatch	och:RemoveIndividual	Remove Individual	semapv:LexicalSimilarityThresholdMatching	2024-05-22	KnowledgeEngineer	dyn_och_mapping	1.0.0	Mapping between DynDiffOnto and OCH	CC-BY 4.0	http://www.list.lu/change-ontology/	1.0.0	https://w3id.org/def/och#	3.0.0	0.90	Match for instance/individual removal.
dyn:addSupC	addSupC	skos:exactMatch	och:AddSubClass	Add Sub Class	semapv:LexicalMatching	2024-05-22	KnowledgeEngineer	dyn_och_mapping	1.0.0	Mapping between DynDiffOnto and OCH	CC-BY 4.0	http://www.list.lu/change-ontology/	1.0.0	https://w3id.org/def/och#	3.0.0	0.95	Exact match for adding a subClassOf relationship.
dyn:renC	renC	skos:broadMatch	och:RenameEntity	Rename Entity	semapv:LexicalSimilarityThresholdMatching	2024-05-22	KnowledgeEngineer	dyn_och_mapping	1.0.0	Mapping between DynDiffOnto and OCH	CC-BY 4.0	http://www.list.lu/change-ontology/	1.0.0	https://w3id.org/def/och#	3.0.0	0.85	dyn:renC is a specific renaming action for classes, whereas och:RenameEntity is generic for all OWL entities.
dyn:toObs	toObs	skos:exactMatch	och:DeprecateEntity	Deprecate Entity	semapv:SemanticSimilarityThresholdMatching	2024-05-22	KnowledgeEngineer	dyn_och_mapping	1.0.0	Mapping between DynDiffOnto and OCH	CC-BY 4.0	http://www.list.lu/change-ontology/	1.0.0	https://w3id.org/def/och#	3.0.0	0.85	Setting a resource to obsolete (toObs) is functionally equivalent to deprecation.
dyn:revObs	revObs	skos:exactMatch	och:RevokeDeprecate	Revoke Deprecate	semapv:SemanticSimilarityThresholdMatching	2024-05-22	KnowledgeEngineer	dyn_och_mapping	1.0.0	Mapping between DynDiffOnto and OCH	CC-BY 4.0	http://www.list.lu/change-ontology/	1.0.0	https://w3id.org/def/och#	3.0.0	0.85	Revoking obsolete status is functionally equivalent to revoking deprecation.
dyn:ComplexChange	ComplexChange	skos:closeMatch	och:ChangeSet	Change Set	semapv:SemanticSimilarityThresholdMatching	2024-05-22	KnowledgeEngineer	dyn_och_mapping	1.0.0	Mapping between DynDiffOnto and OCH	CC-BY 4.0	http://www.list.lu/change-ontology/	1.0.0	https://w3id.org/def/och#	3.0.0	0.70	Both represent collections/aggregations of changes, though structural definitions differ slightly.
dyn:isPartOf	isPartOf	skos:relatedMatch	och:fromChangelog	from changelog	semapv:StructuralMatching	2024-05-22	KnowledgeEngineer	dyn_och_mapping	1.0.0	Mapping between DynDiffOnto and OCH	CC-BY 4.0	http://www.list.lu/change-ontology/	1.0.0	https://w3id.org/def/och#	3.0.0	0.60	Properties used to link a specific change to a container/log of changes.
dyn:Version	Version	skos:closeMatch	owl:Ontology	Ontology	semapv:BackgroundKnowledgeBasedMatching	2024-05-22	KnowledgeEngineer	dyn_och_mapping	1.0.0	Mapping between DynDiffOnto and OCH	CC-BY 4.0	http://www.list.lu/change-ontology/	1.0.0	https://w3id.org/def/och#	3.0.0	0.75	OCH maps versions directly to the owl:Ontology class.
```"
